,color,title
0,Cream,"Samsung Galaxy S23 5G (Cream, 128 Gb)"
1,Olive Green,"Motorola G85 5G (Olive Green, 128 Gb)"
2,Black,"Apple Iphone 15 (Black, 128 Gb)"
3,Blue,"Apple Iphone 15 (Blue, 128 Gb)"
4,Blue,"Apple Iphone 14 Plus (Blue, 128 Gb)"
5,Ice Lilac,"Motorola G64 5G (Ice Lilac, 256 Gb)"
6,Mint Green,"Motorola G64 5G (Mint Green, 256 Gb)"
7,Sea Green,"Motorola G04S (Sea Green, 64 Gb)"
8,Forest Blue,"Motorola Edge 50 Fusion (Forest Blue, 256 Gb)"
9,Stardust Black,"Redmi 13C (Stardust Black, 128 Gb)"
10,Satin Blue,"Motorola G04S (Satin Blue, 64 Gb)"
11,Midnight,"Apple Iphone 14 Plus (Midnight, 128 Gb)"
12,Marshmallow Blue,"Motorola Edge 50 Fusion (Marshmallow Blue, 256 Gb)"
13,Starfrost White,"Redmi 13C (Starfrost White, 128 Gb)"
14,Pink,"Apple Iphone 15 (Pink, 128 Gb)"
15,Starlight Black,"Redmi 13C 5G (Starlight Black, 128 Gb)"
16,Starshine Green,"Redmi 13C (Starshine Green, 128 Gb)"
17,Jade Green,"Realme C63 (Jade Green, 128 Gb)"
18,Matte Black,"Poco C65 (Matte Black, 128 Gb)"
19,Crimson Bliss,"Vivo T3X 5G (Crimson Bliss, 128 Gb)"
20,Koala Grey,"Motorola Edge 50 (Koala Grey, 256 Gb)"
21,Mint,"Samsung Galaxy S23 Fe (Mint, 128 Gb)"
22,Ocean Green,"Motorola G34 5G (Ocean Green, 128 Gb)"
23,Hot Pink,"Motorola Edge 50 Fusion (Hot Pink, 256 Gb)"
24,Startrail Silver,"Redmi 13C 5G (Startrail Silver, 128 Gb)"
25,Celestial Green,"Vivo T3X 5G (Celestial Green, 128 Gb)"
26,Horizon Gold,"Infinix Hot 40I (Horizon Gold, 256 Gb)"
27,Pastel Blue,"Poco C65 (Pastel Blue, 128 Gb)"
28,Crimson Bliss,"Vivo T3X 5G (Crimson Bliss, 128 Gb)"
29,Chromatic Gray,"Oneplus Nord Ce 3 Lite 5G (Chromatic Gray, 128 Gb)"
30,Mystic Green,"Samsung Galaxy F34 5G (Mystic Green, 128 Gb)"
31,Sunrise Orange,"Motorola G04S (Sunrise Orange, 64 Gb)"
32,Crimson Bliss,"Vivo T3X 5G (Crimson Bliss, 128 Gb)"
33,Celestial Green,"Vivo T3X 5G (Celestial Green, 128 Gb)"
34,Blue,"Apple Iphone 13 (Blue, 128 Gb)"
35,Mint Green,"Motorola G64 5G (Mint Green, 128 Gb)"
36,Pastel Lime,"Oneplus Nord Ce 3 Lite 5G (Pastel Lime, 128 Gb)"
37,Leather Blue,"Realme C63 (Leather Blue, 128 Gb)"
38,Celestial Green,"Vivo T3X 5G (Celestial Green, 128 Gb)"
39,Purple,"Samsung Galaxy S23 Fe (Purple, 128 Gb)"
40,Concord Black,"Motorola G04S (Concord Black, 64 Gb)"
41,Ice Blue,"Motorola G34 5G (Ice Blue, 128 Gb)"
42,Lavender,"Samsung Galaxy S23 5G (Lavender, 128 Gb)"
43,Green,"Samsung Galaxy S23 5G (Green, 256 Gb)"
44,Jade Black,"Redmi 12 5G (Jade Black, 128 Gb)"
45,Midnight,"Apple Iphone 13 (Midnight, 128 Gb)"
46,Phantom Black,"Samsung Galaxy S23 5G (Phantom Black, 128 Gb)"
47,Hot Pink,"Motorola Edge 50 Fusion (Hot Pink, 128 Gb)"
48,Hot Pink,"Motorola Edge 50 Fusion (Hot Pink, 128 Gb)"
49,Startrail Green,"Redmi 13C 5G (Startrail Green, 128 Gb)"
50,Vanilla Cream,"Motorola Edge 50 Pro 5G With 125W Charger (Vanilla Cream, 256 Gb)"
51,Luxe Lavender,"Motorola Edge 50 Pro 5G With 68W Charger (Luxe Lavender, 256 Gb)"
52,Green,"Samsung Galaxy S23 5G (Green, 128 Gb)"
53,Charcoal Black,"Motorola G34 5G (Charcoal Black, 128 Gb)"
54,Pastel Green,"Poco C65 (Pastel Green, 128 Gb)"
55,Pastel Lime,"Oneplus Nord Ce 3 Lite 5G (Pastel Lime, 256 Gb)"
56,Charcoal,"Nokia 105 Single Sim, Keypad Mobile Phone With Wireless Fm Radio"
57,Chromatic Gray,"Oneplus Nord Ce 3 Lite 5G (Chromatic Gray, 256 Gb)"
58,Green,"Apple Iphone 15 (Green, 128 Gb)"
59,Green,"Apple Iphone 13 (Green, 128 Gb)"
60,Starfrost White,"Redmi 13C (Starfrost White, 128 Gb)"
61,Pastel Blue,"Poco C65 (Pastel Blue, 128 Gb)"
62,Woodland Green,"Realme 12X 5G (Woodland Green, 128 Gb)"
63,Twilight Purple,"Realme 12X 5G (Twilight Purple, 128 Gb)"
64,Graphite,"Samsung Galaxy S23 Fe (Graphite, 128 Gb)"
65,Woodland Green,"Realme 12X 5G (Woodland Green, 128 Gb)"
66,Blue,"Apple Iphone 12 (Blue, 64 Gb)"
67,Stardust Black,"Redmi 13C (Stardust Black, 128 Gb)"
68,Lavender,"Samsung Galaxy S23 5G (Lavender, 256 Gb)"
69,Polaris Green,"Poco M6 5G (Polaris Green, 128 Gb)"
70,Phoenix Red,"Realme P1 Pro 5G (Phoenix Red, 128 Gb)"
71,Shiny Gold,"Infinix Smart 8 (Shiny Gold, 128 Gb)"
72,Rainbow Blue,"Infinix Smart 8 (Rainbow Blue, 128 Gb)"
73,Timber Black,"Infinix Smart 8 (Timber Black, 128 Gb)"
74,Cream,"Samsung Galaxy S23 5G (Cream, 256 Gb)"
75,Parrot Blue,"Realme P1 Pro 5G (Parrot Blue, 256 Gb)"
76,Pearl Blue,"Motorola G64 5G (Pearl Blue, 256 Gb)"
77,Ice Blue,"Motorola G34 5G (Ice Blue, 128 Gb)"
78,Parrot Blue,"Realme P1 Pro 5G (Parrot Blue, 128 Gb)"
79,Diamond Dust Black,"Poco C61  - Locked With Airtel Prepaid (Diamond Dust Black, 64 Gb)"
80,Prism Silver,"Samsung Galaxy M34 5G Without Charger (Prism Silver, 128 Gb)"
81,Phoenix Red,"Realme P1 Pro 5G (Phoenix Red, 256 Gb)"
82,Phoenix Red,"Realme P1 Pro 5G (Phoenix Red, 256 Gb)"
83,Shiny Gold,"Infinix Smart 8 (Shiny Gold, 64 Gb)"
84,Galaxy White,"Infinix Smart 8 (Galaxy White, 64 Gb)"
85,Rainbow Blue,"Infinix Smart 8 (Rainbow Blue, 64 Gb)"
86,Matte Black,"Poco C65 (Matte Black, 128 Gb)"
87,Galactic Black,"Poco M6 5G (Galactic Black, 128 Gb)"
88,Black,"Apple Iphone 15 Plus (Black, 128 Gb)"
89,Graphite,"Samsung Galaxy S21 Fe 5G With Snapdragon 888 (Graphite, 256 Gb)"
90,Gold,Lava A1 Josh Bol Keypad Mobile|1000 Mah Battery|Expandable Storage 32Gb
91,Terracotta Red,"Nokia 105 Single Sim, Keypad Mobile Phone With Wireless Fm Radio"
92,Charcoal,"Nokia 105 Single Sim, Keypad Mobile Phone With Wireless Fm Radio"
93,Moonstone Silver,"Redmi 12 5G (Moonstone Silver, 128 Gb)"
94,Phantom Black,"Samsung Galaxy S23 5G (Phantom Black, 256 Gb)"
95,Electric Black,"Samsung Galaxy F34 5G (Electric Black, 128 Gb)"
96,Orion Blue,"Poco M6 5G - Locked With Airtel Prepaid (Orion Blue, 128 Gb)"
97,Marble Black,"Realme C61 (Marble Black, 128 Gb)"
98,Safari Green,"Realme C61 (Safari Green, 128 Gb)"
99,Blue,"Apple Iphone 15 Plus (Blue, 128 Gb)"
100,Parrot Blue,"Realme P1 Pro 5G (Parrot Blue, 256 Gb)"
101,Starshine Green,"Redmi 13C (Starshine Green, 128 Gb)"
102,Daybreak Blue,"Samsung Galaxy M35 5G (Daybreak Blue, 128 Gb)"
103,Timber Black,"Infinix Smart 8 (Timber Black, 64 Gb)"
104,Galaxy White,"Infinix Smart 8 Plus (Galaxy White, 128 Gb)"
105,Galactic Black,"Poco M6 5G - Locked With Airtel Prepaid (Galactic Black, 128 Gb)"
106,Ethereal Blue,"Poco C61 (Ethereal Blue, 64 Gb)"
107,Cosmic Blue,"Vivo T3 5G (Cosmic Blue, 256 Gb)"
108,Pastel Blue,"Redmi 12 5G (Pastel Blue, 256 Gb)"
109,Cosmic Blue,"Vivo T3 5G (Cosmic Blue, 128 Gb)"
110,Pioneer Green,"Realme 12+ 5G (Pioneer Green, 128 Gb)"
111,Glass Gold,"Realme Narzo 70 Pro 5G (Glass Gold, 256 Gb)"
112,Fusion Black,"Redmi Note 13 Pro+ 5G (Fusion Black, 256 Gb)"
113,Crystal Flake,"Vivo T3 5G (Crystal Flake, 256 Gb)"
114,Chromatic Purple,"Redmi Note 13 5G (Chromatic Purple, 128 Gb)"
115,Timber Black,"Infinix Smart 8 Plus (Timber Black, 128 Gb)"
116,Crystal Flake,"Vivo T3 5G (Crystal Flake, 128 Gb)"
117,Safari Green,"Realme C61 (Safari Green, 64 Gb)"
118,Starfall Green,"Infinix Hot 40I (Starfall Green, 256 Gb)"
119,Mystic Green,"Samsung Galaxy F34 5G (Mystic Green, 128 Gb)"
120,Navigator Beige,"Realme 12+ 5G (Navigator Beige, 256 Gb)"
121,Luxe Lavender,"Motorola Edge 50 Pro 5G With 125W Charger (Luxe Lavender, 256 Gb)"
122,Green,"Apple Iphone 15 (Green, 256 Gb)"
123,Shiny Gold,"Infinix Smart 8 Plus (Shiny Gold, 128 Gb)"
124,Blue,Nokia 105 Classic With Charger
125,White,"Nothing Phone (2A) 5G (White, 256 Gb)"
126,Black,"Nothing Phone (2A) 5G (Black, 256 Gb)"
127,Twilight Purple,"Realme 12X 5G (Twilight Purple, 128 Gb)"
128,Rose Gold,Motorola A70
129,Blue,Micromax J3
130,White,"Nothing Phone (2A) 5G (White, 256 Gb)"
131,Black,"Nothing Phone (2A) 5G (Black, 256 Gb)"
132,Jade Black,"Redmi 12 5G (Jade Black, 256 Gb)"
133,Jade Black,"Redmi 12 (Jade Black, 128 Gb)"
134,Cobalt Blue,"Motorola G85 5G (Cobalt Blue, 128 Gb)"
135,Light Green,"Cmf By Nothing Phone 1 (Light Green, 128 Gb)"
136,Orange,"Cmf By Nothing Phone 1 (Orange, 128 Gb)"
137,Jade Black,"Redmi 12 (Jade Black, 128 Gb)"
138,White,"Nothing Phone (2A) 5G (White, 128 Gb)"
139,Black,"Nothing Phone (2A) 5G (Black, 128 Gb)"
140,Black Diamond,"Redmi 13 5G (Black Diamond, 128 Gb)"
141,Blue,"Cmf By Nothing Phone 1 (Blue, 128 Gb)"
142,Mystical Green,"Poco C61 (Mystical Green, 64 Gb)"
143,Starlit Black,"Infinix Hot 40I (Starlit Black, 256 Gb)"
144,Palm Blue,"Infinix Hot 40I (Palm Blue, 256 Gb)"
145,Midnight Voilet,"Oppo K12X 5G With 45W Supervooc Charger In-The-Box (Midnight Voilet, 128 Gb)"
146,Black Beauty,"Motorola Edge 50 Pro 5G With 125W Charger (Black Beauty, 256 Gb)"
147,Porcelain,"Google Pixel 8A (Porcelain, 128 Gb)"
148,Monet Gold,"Realme 13 Pro+ 5G (Monet Gold, 256 Gb)"
149,Emerald Green,"Realme 13 Pro+ 5G (Emerald Green, 256 Gb)"
150,Jade Black,"Redmi 12 (Jade Black, 128 Gb)"
151,Glass Green,"Realme Narzo 70 Pro 5G (Glass Green, 256 Gb)"
152,Orchid Pink,"Redmi 13 5G (Orchid Pink, 128 Gb)"
153,Mecha Orange,"Infinix Gt 20 Pro (Mecha Orange, 256 Gb)"
154,Mecha Silver,"Infinix Gt 20 Pro (Mecha Silver, 256 Gb)"
155,Mecha Blue,"Infinix Gt 20 Pro (Mecha Blue, 256 Gb)"
156,Peacock Green,"Realme P1 5G (Peacock Green, 128 Gb)"
157,Storm Grey,"Iqoo Z9X (Storm Grey, 128 Gb)"
158,Black,"Cmf By Nothing Phone 1 (Black, 128 Gb)"
159,Blue,"Cmf By Nothing Phone 1 (Blue, 128 Gb)"
160,Phoenix Red,"Realme P1 5G (Phoenix Red, 256 Gb)"
161,Peacock Green,"Realme P1 5G (Peacock Green, 128 Gb)"
162,Blue,"Nothing Phone (2A) 5G (Blue, 256 Gb)"
163,Black,"Apple Iphone 15 (Black, 256 Gb)"
164,Storm Grey,"Iqoo Z9X (Storm Grey, 128 Gb)"
165,Brilliant Gold,"Itel A70 | 5000 Mah Battery |13Mp Dual Rear Camera | Type C Charging (Brilliant Gold, 64 Gb)"
166,Starlish Black,"Itel A70 | 5000 Mah Battery |13Mp Dual Rear Camera | Type C Charging (Starlish Black, 64 Gb)"
167,Light Green,"Cmf By Nothing Phone 1 (Light Green, 128 Gb)"
168,Black,"Cmf By Nothing Phone 1 (Black, 128 Gb)"
169,Orange,"Cmf By Nothing Phone 1 (Orange, 128 Gb)"
170,Polaris Green,"Poco M6 5G - Locked With Airtel Prepaid (Polaris Green, 128 Gb)"
171,Diamond Dust Black,"Poco C61 (Diamond Dust Black, 64 Gb)"
172,Gravity Black,"Tecno Spark 20C (Gravity Black, 128 Gb)"
173,Breeze Blue,"Oppo K12X 5G With 45W Supervooc Charger In-The-Box (Breeze Blue, 128 Gb)"
174,Midnight Black,"Redmi Note 13 Pro 5G (Midnight Black, 256 Gb)"
175,Arctic White,"Redmi Note 13 5G (Arctic White, 128 Gb)"
176,Galaxy White,"Infinix Smart 8 Hd (Galaxy White, 64 Gb)"
177,Chromatic Purple,"Redmi Note 13 5G (Chromatic Purple, 256 Gb)"
178,Groovy Violet,"Samsung Galaxy F15 5G (Groovy Violet, 128 Gb)"
179,Arctic White,"Redmi Note 13 5G (Arctic White, 256 Gb)"
180,Jazzy Green,"Samsung Galaxy F15 5G (Jazzy Green, 128 Gb)"
181,Mecha Blue,"Infinix Gt 20 Pro (Mecha Blue, 256 Gb)"
182,Mecha Orange,"Infinix Gt 20 Pro (Mecha Orange, 256 Gb)"
183,Prism Gold,"Redmi Note 13 5G (Prism Gold, 256 Gb)"
184,Majestic Black,"Vivo T3 Lite 5G (Majestic Black, 128 Gb)"
185,Vibrant Green,"Vivo T3 Lite 5G (Vibrant Green, 128 Gb)"
186,Prism Gold,"Redmi Note 13 5G (Prism Gold, 128 Gb)"
187,Field Green,"Itel A70 | 5000 Mah Battery |13Mp Dual Rear Camera | Type C Charging (Field Green, 64 Gb)"
188,Phoenix Red,"Realme P1 5G (Phoenix Red, 128 Gb)"
189,Moonstone Silver,"Redmi 12 (Moonstone Silver, 128 Gb)"
190,Vibrant Green,"Vivo T3 Lite 5G (Vibrant Green, 128 Gb)"
191,Majestic Black,"Vivo T3 Lite 5G (Majestic Black, 128 Gb)"
192,Peacock Green,"Realme P1 5G (Peacock Green, 256 Gb)"
193,Phoenix Red,"Realme P1 5G (Phoenix Red, 128 Gb)"
194,Pink,"Apple Iphone 13 (Pink, 128 Gb)"
195,Navigator Beige,"Realme 12 Pro 5G (Navigator Beige, 128 Gb)"
196,Galactic Black,"Poco M6 5G (Galactic Black, 128 Gb)"
197,Pearl Blue,"Motorola G64 5G (Pearl Blue, 128 Gb)"
198,Monet Gold,"Realme 13 Pro+ 5G (Monet Gold, 256 Gb)"
199,Moonstone Silver,"Redmi 12 (Moonstone Silver, 128 Gb)"
200,Crystal Green,"Infinix Smart 8 Hd (Crystal Green, 64 Gb)"
201,Black,"Poco F6 5G (Black, 256 Gb)"
202,Yellow,"Apple Iphone 15 (Yellow, 128 Gb)"
203,Light Gold,"Nokia 130 Music Dual Sim, Music Player, Wireless Fm Radio And Dedicated Music Buttons"
204,Azure Blue,"Itel A70 | 5000 Mah Battery |13Mp Dual Rear Camera | Type C Charging (Azure Blue, 64 Gb)"
205,Magic Skin Green,"Tecno Spark 20C (Magic Skin Green, 128 Gb)"
206,Breeze Blue,"Oppo K12X 5G With 45W Supervooc Charger In-The-Box (Breeze Blue, 256 Gb)"
207,Midnight Voilet,"Oppo K12X 5G With 45W Supervooc Charger In-The-Box (Midnight Voilet, 256 Gb)"
208,Olive,"Samsung Galaxy S21 Fe 5G With Snapdragon 888 (Olive, 256 Gb)"
209,Purple,"Nokia 130 Music Dual Sim, Music Player, Wireless Fm Radio And Dedicated Music Buttons"
210,Arctic Blue,"Samsung Galaxy M14 4G (Arctic Blue, 64 Gb)"
211,Waterfall Blue,"Samsung Galaxy M34 5G (Waterfall Blue, 128 Gb)"
212,White Beige Pa,Lava A3 Vibe Ds Keypad Mobile| 1750 Mah Battery|Expandable Storage 32Gb
213,Coral Purple,"Redmi Note 13 Pro 5G (Coral Purple, 128 Gb)"
214,Orion Blue,"Poco M6 5G (Orion Blue, 64 Gb)"
215,Light Green,Itel It5330 | 2.8 Inch Big Display | 1900 Mah Battery | Kingvoice
216,Blue,Itel It5330 | 2.8 Inch Big Display | 1900 Mah Battery | Kingvoice
217,Snow,"Google Pixel 7 (Snow, 128 Gb)"
218,Lemongrass,"Google Pixel 7 (Lemongrass, 128 Gb)"
219,Navigator Beige,"Realme 12 Pro 5G (Navigator Beige, 256 Gb)"
220,Submarine Blue,"Realme 12 Pro 5G (Submarine Blue, 256 Gb)"
221,Submarine Blue,"Realme 12 Pro 5G (Submarine Blue, 256 Gb)"
222,Navigator Beige,"Realme 12 Pro 5G (Navigator Beige, 256 Gb)"
223,Light Blue,Itel It5330 | 2.8 Inch Big Display | 1900 Mah Battery | Kingvoice
224,Orchid Pink,"Redmi 13 5G (Orchid Pink, 128 Gb)"
225,Emerald Green,"Realme 13 Pro+ 5G (Emerald Green, 512 Gb)"
226,Prism Gold,"Redmi Note 13 5G (Prism Gold, 256 Gb)"
227,Pastel Blue,"Redmi 12 (Pastel Blue, 128 Gb)"
228,Monet Purple,"Realme 13 Pro 5G (Monet Purple, 256 Gb)"
229,Emerald Green,"Realme 13 Pro 5G (Emerald Green, 256 Gb)"
230,Monet Gold,"Realme 13 Pro 5G (Monet Gold, 256 Gb)"
231,Special Edition,"Nothing Phone (2A) 5G (Special Edition, 256 Gb)"
232,Pink,"Apple Iphone 15 (Pink, 256 Gb)"
233,Twilight Purple,"Realme Narzo N63 4G (Twilight Purple, 128 Gb)"
234,Twilight Purple,"Realme Narzo N63 4G (Twilight Purple, 64 Gb)"
235,Snow,"Google Pixel 7 Pro (Snow, 128 Gb)"
236,Starlight,"Apple Iphone 13 (Starlight, 128 Gb)"
237,Midnight,"Apple Iphone 13 (Midnight, 256 Gb)"
238,Mystery White,"Tecno Spark 20C (Mystery White, 128 Gb)"
239,Blue,"Apple Iphone 15 (Blue, 256 Gb)"
240,Monet Gold,"Realme 13 Pro 5G (Monet Gold, 256 Gb)"
241,Pastel Blue,"Redmi 12 5G (Pastel Blue, 128 Gb)"
242,Pastel Green,"Poco C65 (Pastel Green, 256 Gb)"
243,Pink,"Apple Iphone 15 Plus (Pink, 128 Gb)"
244,Emerald Green,"Realme 13 Pro+ 5G (Emerald Green, 256 Gb)"
245,Emerald Green,"Realme 13 Pro 5G (Emerald Green, 128 Gb)"
246,Monet Gold,"Realme 13 Pro 5G (Monet Gold, 128 Gb)"
247,Monet Purple,"Realme 13 Pro 5G (Monet Purple, 128 Gb)"
248,Graphite,"Samsung Galaxy S23 Fe (Graphite, 256 Gb)"
249,Mint,"Samsung Galaxy S23 Fe (Mint, 256 Gb)"
250,Lunar Eclipse,"Tecno Spark 10 Pro (Lunar Eclipse, 128 Gb)"
251,Starlit Black,"Infinix Note 40X 5G (Starlit Black, 256 Gb)"
252,Crystal Green,"Infinix Smart 8 Hd (Crystal Green, 64 Gb)"
253,Shiny Gold,"Infinix Smart 8 Hd (Shiny Gold, 64 Gb)"
254,Vintage Green,"Infinix Note 40 Pro 5G (Vintage Green, 256 Gb)"
255,Peach Fuzz,"Motorola Edge 40 Neo (Peach Fuzz, 128 Gb)"
256,Startrail Green,"Redmi 13C 5G (Startrail Green, 128 Gb)"
257,Fluid Silver,"Realme Gt 6 (Fluid Silver, 512 Gb)"
258,Silver,Lava A1 Josh Bol Keypad Mobile|1000 Mah Battery|Expandable Storage 32Gb
259,Pioneer Green,"Realme 12+ 5G (Pioneer Green, 256 Gb)"
260,Forest Green,"Realme Narzo 70 5G (Forest Green, 128 Gb)"
261,Navigator Beige,"Realme 12+ 5G (Navigator Beige, 128 Gb)"
262,Martian Orange,"Poco X6 Neo 5G (Martian Orange, 128 Gb)"
263,Groovy Violet,"Samsung Galaxy F15 5G (Groovy Violet, 128 Gb)"
264,Astral Black,"Poco X6 Neo 5G (Astral Black, 256 Gb)"
265,Ice Lilac,"Motorola G64 5G (Ice Lilac, 128 Gb)"
266,Dune Gold,"Vivo T2 Pro 5G (Dune Gold, 256 Gb)"
267,Shiny Gold,"Infinix Smart 8 Hd (Shiny Gold, 64 Gb)"
268,Timber Black,"Infinix Smart 8 Hd (Timber Black, 64 Gb)"
269,Startrail Green,"Redmi 13C 5G (Startrail Green, 128 Gb)"
270,Woodland Green,"Realme 12X 5G (Woodland Green, 128 Gb)"
271,Snowstorm White,"Poco X6 5G (Snowstorm White, 256 Gb)"
272,Ice Blue,"Realme Narzo 70 5G (Ice Blue, 128 Gb)"
273,Monet Purple,"Realme 13 Pro 5G (Monet Purple, 512 Gb)"
274,Monet Gold,"Realme 13 Pro 5G (Monet Gold, 512 Gb)"
275,Tornado Green,"Iqoo Z9X (Tornado Green, 128 Gb)"
276,Marshmallow Blue,"Motorola Edge 50 Fusion (Marshmallow Blue, 128 Gb)"
277,Moonstone Silver,"Redmi 12 5G (Moonstone Silver, 256 Gb)"
278,Black And Red,Karbonn Jumbo K9
279,Palm Blue,"Infinix Note 40X 5G (Palm Blue, 256 Gb)"
280,Celadon Marble,"Oneplus Nord Ce4 (Celadon Marble, 128 Gb)"
281,Mecha Silver,"Infinix Gt 20 Pro (Mecha Silver, 256 Gb)"
282,Starlight,"Apple Iphone 14 Plus (Starlight, 128 Gb)"
283,Goat Green,"Samsung Galaxy F14 5G (Goat Green, 128 Gb)"
284,Orion Blue,"Poco M6 5G (Orion Blue, 128 Gb)"
285,Horizon Blue,"Poco X6 Neo 5G (Horizon Blue, 128 Gb)"
286,Hawaiian Blue,"Redmi 13 5G (Hawaiian Blue, 128 Gb)"
287,Misty Lavender,"Poco M6 Plus 5G (Misty Lavender, 128 Gb)"
288,Pastel Green,"Poco C65 (Pastel Green, 128 Gb)"
289,Ganges Blue,"Vivo V40 5G (Ganges Blue, 128 Gb)"
290,Mirror Black,"Poco X6 5G (Mirror Black, 256 Gb)"
291,Urban Grey,"Motorola G85 5G (Urban Grey, 256 Gb)"
292,Martian Orange,"Poco X6 Neo 5G (Martian Orange, 256 Gb)"
293,Black Diamond,"Redmi 13 5G (Black Diamond, 128 Gb)"
294,Jazzy Green,"Samsung Galaxy F15 5G (Jazzy Green, 128 Gb)"
295,Sunrise Copper,"Samsung Galaxy F13 (Sunrise Copper, 64 Gb)"
296,Midnight Black,"Redmi Note 13 Pro 5G (Midnight Black, 128 Gb)"
297,New Moon Black,"Vivo T2 Pro 5G (New Moon Black, 256 Gb)"
298,New Moon Black,"Vivo T2 Pro 5G (New Moon Black, 128 Gb)"
299,Dune Gold,"Vivo T2 Pro 5G (Dune Gold, 128 Gb)"
300,Emerald Green,"Realme 13 Pro 5G (Emerald Green, 512 Gb)"
301,Green,"Apple Iphone 15 Plus (Green, 128 Gb)"
302,Ice Blue,"Realme Narzo 70X 5G (Ice Blue, 128 Gb)"
303,Midnight Black,"Redmi A3X (Midnight Black, 64 Gb)"
304,Crystal Blue,"Itel Aura 05I|Leather Finish|4000 Mah Battery|Type C Charging Support (Crystal Blue, 32 Gb)"
305,Obsidian,"Google Pixel 7 (Obsidian, 128 Gb)"
306,Cobalt Blue,"Motorola G85 5G (Cobalt Blue, 256 Gb)"
307,Dark Blue Grey,Lava A3 Vibe Ds Keypad Mobile| 1750 Mah Battery|Expandable Storage 32Gb
308,Dark Chrome,"Oneplus Nord Ce4 (Dark Chrome, 256 Gb)"
309,Fusion White,"Redmi Note 13 Pro+ 5G (Fusion White, 512 Gb)"
310,Starlight Black,"Redmi 13C 5G (Starlight Black, 256 Gb)"
311,Ash Black,"Samsung Galaxy F15 5G (Ash Black, 128 Gb)"
312,Forest Green,"Realme Narzo 70X 5G (Forest Green, 128 Gb)"
313,Midnight Blue,"Samsung Galaxy M34 5G Without Charger (Midnight Blue, 128 Gb)"
314,Ice Blue,"Realme Narzo 70 5G (Ice Blue, 128 Gb)"
315,Startrail Silver,"Redmi 13C 5G (Startrail Silver, 256 Gb)"
316,Blue,"Apple Iphone 14 (Blue, 128 Gb)"
317,Cobalt Violet,"Samsung Galaxy S24 5G (Cobalt Violet, 256 Gb)"
318,Starry White,"Redmi A3X (Starry White, 64 Gb)"
319,Olive Green,"Redmi A3X (Olive Green, 64 Gb)"
320,Fluid Silver,"Realme Gt 6 (Fluid Silver, 256 Gb)"
321,Razor Green,"Realme Gt 6 (Razor Green, 256 Gb)"
322,Horizon Blue,"Poco X6 Neo 5G (Horizon Blue, 256 Gb)"
323,Razor Green,"Realme Gt 6 (Razor Green, 512 Gb)"
324,Stealth Black,"Redmi Note 13 5G (Stealth Black, 256 Gb)"
325,White,"Nothing Phone (2) (White, 128 Gb)"
326,Coral Purple,"Redmi Note 13 Pro 5G (Coral Purple, 256 Gb)"
327,Black,"Samsung Galaxy A14 5G (Black, 64 Gb)"
328,Celadon Marble,"Oneplus Nord Ce4 (Celadon Marble, 256 Gb)"
329,Stealth Black,"Redmi Note 13 5G (Stealth Black, 256 Gb)"
330,Hazel,"Google Pixel 7 Pro (Hazel, 128 Gb)"
331,Obsidian,"Google Pixel 7 Pro (Obsidian, 128 Gb)"
332,Titanium,"Poco F6 5G (Titanium, 256 Gb)"
333,Arctic White,"Redmi Note 13 Pro 5G (Arctic White, 256 Gb)"
334,Stealth Black,"Redmi Note 13 5G (Stealth Black, 128 Gb)"
335,Grey,Kechaoda A26
336,Awesome Iceblue,"Samsung Galaxy A35 5G (Awesome Iceblue, 256 Gb)"
337,Dark Chrome,"Oneplus Nord Ce4 (Dark Chrome, 128 Gb)"
338,Arctic White,"Redmi Note 13 Pro 5G (Arctic White, 128 Gb)"
339,Obsidian Black,"Infinix Note 40 Pro+ 5G (Obsidian Black, 256 Gb)"
340,Graphite Matte,"Iqoo Z7 Pro 5G (Graphite Matte, 256 Gb)"
341,Awesome Iceblue,"Samsung Galaxy A35 5G (Awesome Iceblue, 128 Gb)"
342,Arctic White,"Redmi Note 13 5G (Arctic White, 256 Gb)"
343,Gold,Lava Gem Power Dual Sim Keypad Phone|2575 Mah Battery| Expandable Upto 32 Mb
344,Sea Blue,"Vivo Y27 (Sea Blue, 128 Gb)"
345,Forest Green,"Realme Narzo 70X 5G (Forest Green, 128 Gb)"
346,Blue,"Apple Iphone 12 (Blue, 128 Gb)"
347,Monet Gold,"Realme 13 Pro 5G (Monet Gold, 256 Gb)"
348,Monet Purple,"Realme 13 Pro 5G (Monet Purple, 256 Gb)"
349,White,"Nothing Phone (2) (White, 256 Gb)"
350,Dark Grey,"Nothing Phone (2) (Dark Grey, 256 Gb)"
351,Coral Purple,"Redmi Note 13 Pro 5G (Coral Purple, 256 Gb)"
352,Orion Blue,"Poco M6 5G (Orion Blue, 256 Gb)"
353,Ocean Green,"Redmi A3X (Ocean Green, 64 Gb)"
354,Black,Itel It5027
355,Purple,"Samsung Galaxy S23 Fe (Purple, 256 Gb)"
356,Burgundy Black,"Vivo Y27 (Burgundy Black, 128 Gb)"
357,Marble Black,"Realme Narzo N61 (Marble Black, 128 Gb)"
358,Icy Silver,"Samsung Galaxy M14 5G (Icy Silver, 128 Gb)"
359,Emerald Forest,"Oneplus 10 Pro 5G (Emerald Forest, 128 Gb)"
360,Emerald Forest,"Oneplus 10 Pro 5G (Emerald Forest, 128 Gb)"
361,Gold,Samsung Guru Fm Plus
362,Carbon Black,"Realme C51 (Carbon Black, 128 Gb)"
363,Graphene Blue,"Iqoo Z9 5G (Graphene Blue, 256 Gb)"
364,Polaris Green,"Poco M6 5G (Polaris Green, 128 Gb)"
365,Lime Green,"Infinix Note 40X 5G (Lime Green, 256 Gb)"
366,Light Green,"Samsung Galaxy A14 5G (Light Green, 64 Gb)"
367,Galaxy White,"Infinix Smart 8 Hd (Galaxy White, 64 Gb)"
368,Cool Blue,"Oneplus 12R (Cool Blue, 256 Gb)"
369,Lime Green,"Infinix Note 40X 5G (Lime Green, 256 Gb)"
370,Ash Black,"Samsung Galaxy F15 5G (Ash Black, 128 Gb)"
371,Mineral Gray,"Motorola G32 (Mineral Gray, 64 Gb)"
372,Gold,Kechaoda K28
373,Monet Gold,"Realme 13 Pro+ 5G (Monet Gold, 512 Gb)"
374,Racing Grey,"Poco X6 Pro 5G (Racing Grey, 256 Gb)"
375,Charcoal,"Google Pixel 7A (Charcoal, 128 Gb)"
376,Titanium Gray,"Samsung Galaxy S24 Ultra 5G (Titanium Gray, 256 Gb)"
377,Pastel Blue,"Redmi 12 5G (Pastel Blue, 128 Gb)"
378,Forest Green,"Realme Narzo 70 5G (Forest Green, 128 Gb)"
379,Tornado Green,"Iqoo Z9X (Tornado Green, 128 Gb)"
380,Black,"Apple Iphone 12 (Black, 64 Gb)"
381,Black,"Poco F6 5G (Black, 512 Gb)"
382,Razor Green,"Realme Gt 6 (Razor Green, 256 Gb)"
383,Fluid Silver,"Realme Gt 6 (Fluid Silver, 256 Gb)"
384,Awesome Lilac,"Samsung Galaxy A35 5G (Awesome Lilac, 128 Gb)"
385,Waterfall Blue,"Samsung Galaxy M34 5G (Waterfall Blue, 128 Gb)"
386,Starlight Black,"Redmi 13C 5G (Starlight Black, 128 Gb)"
387,Black,Kechaoda A26
388,Flowy Emerald,"Oneplus 12 (Flowy Emerald, 256 Gb)"
389,Glacial White,"Oneplus 12 (Glacial White, 256 Gb)"
390,Starlight,"Apple Iphone 14 (Starlight, 128 Gb)"
391,Starlight Black,"Redmi 13C 5G (Starlight Black, 128 Gb)"
392,Blue,Itel It2175 Pro | 2 Inch Big Display | 1200 Mah Battery | Kingvoice
393,Jade Black,"Redmi 12 5G (Jade Black, 128 Gb)"
394,Snow,"Google Pixel 7A (Snow, 128 Gb)"
395,Navigator Beige,"Realme 12 Pro+ 5G (Navigator Beige, 256 Gb)"
396,Submarine Blue,"Realme 12 Pro+ 5G (Submarine Blue, 256 Gb)"
397,Explorer Red,"Realme 12 Pro+ 5G (Explorer Red, 256 Gb)"
398,Leather Blue,"Realme Narzo N63 4G (Leather Blue, 128 Gb)"
399,Polaris Green,"Poco M6 5G (Polaris Green, 256 Gb)"
400,Flowy Emerald,"Oneplus 12 (Flowy Emerald, 512 Gb)"
401,Nordic Wood,"Motorola Edge 50 Ultra 5G (Nordic Wood, 512 Gb)"
402,Submarine Blue,"Realme 12 Pro+ 5G (Submarine Blue, 256 Gb)"
403,Ice Blue,"Realme Narzo 70X 5G (Ice Blue, 128 Gb)"
404,Sapphire Blue,"Samsung Galaxy M14 4G (Sapphire Blue, 64 Gb)"
405,Black,"Apple Iphone 15 (Black, 512 Gb)"
406,Magic Skin Green,"Tecno Spark Go 2024 (Magic Skin Green, 64 Gb)"
407,Mystery White,"Tecno Spark Go 2024 (Mystery White, 64 Gb)"
408,Sky Blue,"Itel S23 With Dual Sim| 50Mp Rear Camera| 5000Mah Battery|Expandable Upto 1 Tb (Sky Blue, 128 Gb)"
409,Red,"Apple Iphone 14 ((Product)Red, 128 Gb)"
410,Onyx Black,"Samsung Galaxy S24 5G (Onyx Black, 256 Gb)"
411,Twilight Purple,"Realme Narzo N63 4G (Twilight Purple, 128 Gb)"
412,Titanium,"Poco F6 5G (Titanium, 256 Gb)"
413,Magic Skin Green,"Tecno Spark Go 2024 (Magic Skin Green, 64 Gb)"
414,Gold,"Realme Narzo 70 Pro 5G (Gold, Glass Gold, 128 Gb)"
415,Classic Black,"Vivo V30 5G (Classic Black, 256 Gb)"
416,Starlight Black,"Redmi 13C 5G (Starlight Black, 256 Gb)"
417,Black,Kechaoda 888
418,White,Easyfone Elite
419,Ice Silver,"Poco M6 Plus 5G (Ice Silver, 128 Gb)"
420,Classic Black,"Vivo V30 5G (Classic Black, 256 Gb)"
421,Mirror Black,"Poco X6 5G (Mirror Black, 512 Gb)"
422,Pastel Blue,"Poco C65 (Pastel Blue, 256 Gb)"
423,Gravity Black,"Tecno Spark Go 2024 (Gravity Black, 64 Gb)"
424,Blue,"Apple Iphone 15 (Blue, 512 Gb)"
425,Dark Blue Grey Ds Pa,Lava A3 Vibe
426,Teal Blue,Motorola A10V Ds Keypad Phone With Voice Feature|800 Mah Battery|Wireless Fm Recording
427,Racing Grey,"Poco X6 Pro 5G (Racing Grey, 512 Gb)"
428,Blue,Nokia 105 Classic Without Charger
429,Starlight Black,"Redmi 13C 5G (Starlight Black, 128 Gb)"
430,Black,Motorola A10V Ds Keypad Phone With Voice Feature|800 Mah Battery|Wireless Fm Recording
431,Titan Gold,"Infinix Note 40 5G (Titan Gold, 256 Gb)"
432,Titan Gold,"Infinix Note 40 Pro 5G (Titan Gold, 256 Gb)"
433,Champion Gold,"Realme C53 (Champion Gold, 64 Gb)"
434,Andaman Blue,"Vivo V30 5G (Andaman Blue, 128 Gb)"
435,Champion Black,"Realme C53 (Champion Black, 64 Gb)"
436,Forest Blue,"Motorola Edge 50 Fusion (Forest Blue, 128 Gb)"
437,Silky Black,"Oneplus 12 (Silky Black, 256 Gb)"
438,Classic Black,"Vivo V30 5G (Classic Black, 128 Gb)"
439,Snowstorm White,"Poco X6 5G (Snowstorm White, 512 Gb)"
440,Nebula Black,"Itel Aura 05I|Leather Finish|4000 Mah Battery|Type C Charging Support (Nebula Black, 32 Gb)"
441,Explorer Red,"Realme 12 Pro+ 5G (Explorer Red, 256 Gb)"
442,Navigator Beige,"Realme 12 Pro+ 5G (Navigator Beige, 256 Gb)"
443,Yellow,"Poco X6 Pro 5G (Yellow, 512 Gb)"
444,Amber Gold,"Realme Narzo N65 5G (Amber Gold, 128 Gb)"
445,Cool Black,"Oppo F23 5G (Cool Black, 256 Gb)"
446,Peacock Green,"Vivo V30 5G (Peacock Green, 256 Gb)"
447,Deep Green,"Realme Narzo N65 5G (Deep Green, 128 Gb)"
448,Blue,"Samsung Galaxy A15 5G (Blue, 256 Gb)"
449,Amber Gold,"Realme Narzo N65 5G (Amber Gold, 128 Gb)"
450,Andaman Blue,"Vivo V30 5G (Andaman Blue, 256 Gb)"
451,Submarine Blue,"Realme 12 Pro+ 5G (Submarine Blue, 128 Gb)"
452,Explorer Red,"Realme 12 Pro+ 5G (Explorer Red, 128 Gb)"
453,Navigator Beige,"Realme 12 Pro+ 5G (Navigator Beige, 128 Gb)"
454,Power Black,"Poco M6 Pro 5G (Power Black, 128 Gb)"
455,Light Green,Itel It2175 Pro | 2 Inch Big Display | 1200 Mah Battery | Kingvoice
456,Celestial Black,"Oneplus N20 Se (Celestial Black, 128 Gb)"
457,Mint,"Google Pixel 8 (Mint, 128 Gb)"
458,Lake Blue,"Redmi A3 (Lake Blue, 64 Gb)"
459,Black Dusk,"Oneplus Nord Ce 2 Lite 5G (Black Dusk, 128 Gb)"
460,Awesome Lilac,"Samsung Galaxy A35 5G (Awesome Lilac, 256 Gb)"
461,Peacock Green,"Vivo V30 5G (Peacock Green, 128 Gb)"
462,Yellow,"Apple Iphone 15 Plus (Yellow, 128 Gb)"
463,Black,"Samsung Galaxy A14 5G (Black, 128 Gb)"
464,Champion Gold,"Realme C53 (Champion Gold, 128 Gb)"
465,Mystery White,"Tecno Spark Go 2024 (Mystery White, 128 Gb)"
466,Gravity Black,"Tecno Spark Go 2024 (Gravity Black, 128 Gb)"
467,Deep Green,"Realme Narzo N65 5G (Deep Green, 128 Gb)"
468,Super Silver,"Oneplus Nord Ce4 Lite 5G (Super Silver, 128 Gb)"
469,Urban Grey,"Motorola G85 5G (Urban Grey, 128 Gb)"
470,Matte Black,"Poco C65 (Matte Black, 256 Gb)"
471,Light Green,"Samsung Galaxy A14 5G (Light Green, 128 Gb)"
472,Starshine Green,"Redmi 13C (Starshine Green, 256 Gb)"
473,Amber Gold,"Realme Narzo N65 5G (Amber Gold, 128 Gb)"
474,Champion Black,"Realme C53 (Champion Black, 128 Gb)"
475,Blue,Kechaoda K113
476,Tempest Gray,"Oneplus Nord 3 5G (Tempest Gray, 128 Gb)"
477,Blue,Lava Gem Power Dual Sim Keypad Phone|2575 Mah Battery| Expandable Upto 32 Mb
478,Peacock Green,"Vivo V30 5G (Peacock Green, 256 Gb)"
479,Blue,Itel Magic X Pro 4G| 2500Mah Big Battery| Expandable Storage Upto 64Gb
480,Meadow Green,"Itel Aura 05I|Leather Finish|4000 Mah Battery|Type C Charging Support (Meadow Green, 32 Gb)"
481,Olive Green,"Redmi A3 (Olive Green, 128 Gb)"
482,Olive Green,"Redmi A3 (Olive Green, 64 Gb)"
483,Gravity Black,"Tecno Spark Go 2024 (Gravity Black, 64 Gb)"
484,Amber Yellow,"Samsung Galaxy S24 5G (Amber Yellow, 128 Gb)"
485,Purple,"Apple Iphone 14 (Purple, 128 Gb)"
486,Midnight Black,"Redmi Note 13 Pro 5G (Midnight Black, 256 Gb)"
487,Awesome Iceblue,"Samsung Galaxy A55 5G (Awesome Iceblue, 256 Gb)"
488,Spectre Black,"Poco X6 Pro 5G (Spectre Black, 256 Gb)"
489,Silky Black,"Oneplus 12 (Silky Black, 512 Gb)"
490,Jazzy Green,"Samsung Galaxy F15 5G (Jazzy Green, 128 Gb)"
491,Deep Green,"Realme Narzo N65 5G (Deep Green, 128 Gb)"
492,Arctic Blue,"Samsung Galaxy M14 4G (Arctic Blue, 128 Gb)"
493,Mystery White,"Tecno Spark Go 2024 (Mystery White, 64 Gb)"
494,Blue Black,"Samsung Galaxy A15 5G (Blue Black, 128 Gb)"
495,Blue Tide,"Oneplus Nord Ce 2 Lite 5G (Blue Tide, 128 Gb)"
496,Titanium Grey,"Vivo V40 Pro 5G (Titanium Grey, 512 Gb)"
497,Green,"Realme Narzo 70 Pro 5G (Green, Glass Green, 128 Gb)"
498,Red,"Apple Iphone 14 Plus ((Product)Red, 512 Gb)"
499,Hazel,"Google Pixel 8 (Hazel, 128 Gb)"
500,Aurora Blue,"Infinix Hot 30 5G (Aurora Blue, 128 Gb)"
501,Super Silver,"Oneplus Nord Ce4 Lite 5G (Super Silver, 256 Gb)"
502,Mega Blue,"Oneplus Nord Ce4 Lite 5G (Mega Blue, 256 Gb)"
503,Misty Green,"Oneplus Nord 3 5G (Misty Green, 128 Gb)"
504,Fusion Purple,"Redmi Note 13 Pro+ 5G (Fusion Purple, 512 Gb)"
505,Aurora Blue,"Itel P55 (Aurora Blue, 128 Gb)"
506,Fusion Purple,"Redmi Note 13 Pro+ 5G (Fusion Purple, 256 Gb)"
507,Rose Gold,Motorola A10
508,Orange,Kechaoda K112
509,Space Brown,"Oppo Reno 12 Pro 5G (Space Brown, 512 Gb)"
510,Matte Brown,"Oppo Reno 12 5G (Matte Brown, 256 Gb)"
511,Startrail Green,"Redmi 13C 5G (Startrail Green, 128 Gb)"
512,Himalayan Blue,"Vivo Y58 5G (Himalayan Blue, 128 Gb)"
513,Starlit Black,"Infinix Note 40X 5G (Starlit Black, 256 Gb)"
514,Startrail Green,"Redmi 13C 5G (Startrail Green, 256 Gb)"
515,White,"Apple Iphone 12 Mini (White, 128 Gb)"
516,Cruise Blue,"Xiaomi 14 Civi (Cruise Blue, 512 Gb)"
517,Moonlit Black,"Itel P55 (Moonlit Black, 128 Gb)"
518,Thunder Grey,"Samsung Galaxy M35 5G (Thunder Grey, 128 Gb)"
519,Silk Blue,"Vivo V30E (Silk Blue, 128 Gb)"
520,Amber Gold,"Realme Narzo N65 5G (Amber Gold, 128 Gb)"
521,Silver Fantasy,"Tecno Pova 5 Pro 5G (Silver Fantasy, 256 Gb)"
522,Black,"Samsung Galaxy A05 (Black, 64 Gb)"
523,Light Green,Itel It5027
524,Carbon Black,"Realme C51 (Carbon Black, 64 Gb)"
525,Palm Blue,"Infinix Note 40X 5G (Palm Blue, 256 Gb)"
526,Champion Gold,"Realme C53 (Champion Gold, 128 Gb)"
527,Galaxy Blue,"Itel P55 5G |50Mp Dual Rear Camera|5000Mah Battery|Expandable Upto 1 Tb (Galaxy Blue, 64 Gb)"
528,Brushed Green,"Iqoo Z9 5G (Brushed Green, 256 Gb)"
529,Mega Blue,"Oneplus Nord Ce4 Lite 5G (Mega Blue, 128 Gb)"
530,Glacier Blue,"Motorola G24 Power (Glacier Blue, 128 Gb)"
531,Rose Pink,Kechaoda K55
532,Lake Blue,"Redmi A3 (Lake Blue, 128 Gb)"
533,Midnight Black,"Redmi A3 (Midnight Black, 64 Gb)"
534,Awesome Navy,"Samsung Galaxy A35 5G (Awesome Navy, 128 Gb)"
535,Midnight Blue,"Nokia 110 4G Dual Sim, Keypad Mobile, Wireless Fm Radio And Rear Camera"
536,Breeze Green,"Vivo Y28E 5G (Breeze Green, 64 Gb)"
537,Comet Green,"Tecno Pova 6 Pro (Comet Green, 256 Gb)"
538,Astral Gold,"Itel P55T (Astral Gold, 128 Gb)"
539,Onyx Black,"Samsung Galaxy S24 5G (Onyx Black, 512 Gb)"
540,Moonlight Purple,"Oppo A3 Pro 5G (Moonlight Purple, 256 Gb)"
541,Miami Orange,"Infinix Hot 30 5G (Miami Orange, 128 Gb)"
542,Misty Green,"Oneplus Nord 3 5G (Misty Green, 256 Gb)"
543,Cosmic Black,"Motorola E13 (Cosmic Black, 64 Gb)"
544,Aqua Surge,"Oneplus Nord Ce3 5G (Aqua Surge, 256 Gb)"
545,Ink Blue,"Motorola G24 Power (Ink Blue, 128 Gb)"
546,Tempest Gray,"Oneplus Nord 3 5G (Tempest Gray, 256 Gb)"
547,Red,Karbonn K531 Dual Sim Keypad Phone|1750 Mah Battery|0.3Mp Camera|Expandable Upto 32 Gb
548,Charcoal,Nokia 106
549,Spectre Black,"Poco X6 Pro 5G (Spectre Black, 512 Gb)"
550,Black,Itel It5330 | 2.8 Inch Big Display | 1900 Mah Battery | Kingvoice
551,Midnight,"Apple Iphone 14 Plus (Midnight, 512 Gb)"
552,White,"Apple Iphone 12 (White, 64 Gb)"
553,,"Nokia 5310 Ds Keypad Mobile, Fm Radio,Camera With Flash (8 Mb Ram)"
554,Rose Gold,Motorola Moto A10E
555,Mint Green,"Realme C51 (Mint Green, 128 Gb)"
556,Miami Orange,"Infinix Hot 30 5G (Miami Orange, 128 Gb)"
557,Knight Black,"Infinix Hot 30 5G (Knight Black, 128 Gb)"
558,Velvet Red,"Vivo V30E (Velvet Red, 256 Gb)"
559,Fusion Black,"Redmi Note 13 Pro+ 5G (Fusion Black, 512 Gb)"
560,Sea,"Google Pixel 7A (Sea, 128 Gb)"
561,Daybreak Blue,"Samsung Galaxy M35 5G (Daybreak Blue, 128 Gb)"
562,Black,Lava A7 Torch Dual Sim Keypad Phone|2574 Mah Battery|Expandable Upto 32 Gb
563,Sea Green,"Motorola G04 (Sea Green, 128 Gb)"
564,Imperial Green,"Lava O2 (Imperial Green, 128 Gb)"
565,Deep Green,"Realme Narzo N65 5G (Deep Green, 128 Gb)"
566,Awesome Iceblue,"Samsung Galaxy A55 5G (Awesome Iceblue, 256 Gb)"
567,Mint Green,"Realme C51 (Mint Green, 64 Gb)"
568,Polaris Green,"Poco M6 5G (Polaris Green, 64 Gb)"
569,Cosmic Black,"Motorola E13 (Cosmic Black, 64 Gb)"
570,Yellow,"Poco X6 Pro 5G (Yellow, 256 Gb)"
571,Startrail Green,"Redmi 13C 5G (Startrail Green, 256 Gb)"
572,Starry Black,"Itel S23 (Starry Black, 128 Gb)"
573,Locked,Jio V2 Keypad Phone (Upi) Locked
574,Dark Illusion,"Tecno Pova 5 Pro 5G (Dark Illusion, 256 Gb)"
575,Mocha Brown,"Iqoo Z9 Lite 5G (Mocha Brown, 128 Gb)"
576,Yellow,"Poco M4 Pro (Yellow, 128 Gb)"
577,Astro Silver,"Oppo Reno 12 5G (Astro Silver, 256 Gb)"
578,Candy Blue,Lava A1 Vibe Ds Keypad Phone|1000 Mah Battery|0.3Mp Rear Camera|Expandable Upto 32 Gb
579,Moonlight Blue,"Samsung Galaxy M35 5G (Moonlight Blue, 128 Gb)"
580,Space Black,"Vivo Y18E (Space Black, 64 Gb)"
581,Navy,"Samsung Galaxy S21 Fe 5G With Snapdragon 888 (Navy, 128 Gb)"
582,Startrail Silver,"Redmi 13C 5G (Startrail Silver, 128 Gb)"
583,Olive Green,"Redmi A3 (Olive Green, 128 Gb)"
584,Obsidian Midnight,"Oneplus Nord 4 5G (Obsidian Midnight, 256 Gb)"
585,Fusion Purple,"Redmi Note 13 Pro+ 5G (Fusion Purple, 256 Gb)"
586,Goat Green,"Samsung Galaxy F14 5G (Goat Green, 128 Gb)"
587,Red,Blackzone Eco X
588,Red,Kechaoda K115
589,Deep Blue,Itel It2175 Pro | 2 Inch Big Display | 1200 Mah Battery | Kingvoice
590,Sea Green,"Redmi A2 (Sea Green, 64 Gb)"
591,Aqua Flow,"Iqoo Z9 Lite 5G (Aqua Flow, 128 Gb)"
592,Red,Micromax X416
593,Obsidian,"Google Pixel 8 (Obsidian, 128 Gb)"
594,Waterfall Blue,"Samsung Galaxy F13 (Waterfall Blue, 128 Gb)"
595,Green,Vox V15
596,Opal Green,"Samsung Galaxy F04 (Opal Green, 64 Gb)"
597,Satin Silver,"Motorola G32 (Satin Silver, 128 Gb)"
598,Titanium,"Poco F6 5G (Titanium, 512 Gb)"
599,Blue,"Samsung Galaxy A15 5G (Blue, 128 Gb)"
600,Starry Black,"Itel S23 With Dual Sim| 50Mp Rear Camera| 5000Mah Battery|Expandable Upto 1 Tb (Starry Black, 128 Gb)"
601,Mystique Blue,"Redmi Note 12 5G (Mystique Blue, 256 Gb)"
602,Yellow,Blackzone Eco X
603,Sundarbans Green,"Vivo Y58 5G (Sundarbans Green, 128 Gb)"
604,Power Black,"Poco M6 Pro 5G (Power Black, 256 Gb)"
605,Sunset Gold,"Oppo Reno 12 Pro 5G (Sunset Gold, 256 Gb)"
606,Ganges Blue,"Vivo V40 Pro 5G (Ganges Blue, 256 Gb)"
607,Titanium Grey,"Vivo V40 Pro 5G (Titanium Grey, 256 Gb)"
608,Black Gold,Lava A1 Vibe
609,Forest Green,"Poco M6 Pro 5G (Forest Green, 128 Gb)"
610,Black,Kechaoda K112
611,Amber Yellow,"Samsung Galaxy S24 5G (Amber Yellow, 512 Gb)"
612,Silver,Lava A1 Vibe Ds Keypad Phone|1000 Mah Battery|0.3Mp Rear Camera|Expandable Upto 32 Gb
613,Pastel Blue,"Redmi 12 (Pastel Blue, 128 Gb)"
614,Grey,"Nothing Phone (2A) Plus (Grey, 256 Gb)"
615,Sapphire Blue,Lava Hero 600I Sapphire Blue
616,Sunset Orange,"Oppo A77 (Sunset Orange, 128 Gb)"
617,Eclipse Black,"Motorola Edge 40 (Eclipse Black, 256 Gb)"
618,Moonstone Silver,"Redmi 12 5G (Moonstone Silver, 128 Gb)"
619,Arctic White,"Redmi Note 13 5G (Arctic White, 256 Gb)"
620,Ultra Orange,"Oneplus Nord Ce4 Lite 5G (Ultra Orange, 256 Gb)"
621,Razor Green,"Realme Gt 6T 5G (Razor Green, 512 Gb)"
622,Moonlight Blue,"Samsung Galaxy M35 5G (Moonlight Blue, 128 Gb)"
623,Cream,"Samsung Galaxy Z Flip3 5G (Cream, 128 Gb)"
624,Black,"Samsung Galaxy A14 5G (Black, 128 Gb)"
625,Black,"Apple Iphone 12 (Black, 256 Gb)"
626,Fluid Silver,"Realme Gt 6T 5G (Fluid Silver, 128 Gb)"
627,Sonic Black,"Oneplus 11R 5G (Sonic Black, 256 Gb)"
628,Vintage Red,"Vivo Y28E 5G (Vintage Red, 128 Gb)"
629,Breeze Green,"Vivo Y28E 5G (Breeze Green, 128 Gb)"
630,Miracle Purple,"Realme Gt 6T 5G (Miracle Purple, 256 Gb)"
631,Black,Itel Circle 1
632,Cool Blue,"Poco M4 Pro (Cool Blue, 64 Gb)"
633,Cobalt Violet,"Samsung Galaxy S24+ 5G (Cobalt Violet, 512 Gb)"
634,Green,Kechaoda K112
635,Champion Black,"Realme C53 (Champion Black, 128 Gb)"
636,Black,"Poco F6 5G (Black, 256 Gb)"
637,Fusion Black,"Redmi Note 13 Pro+ 5G (Fusion Black, 256 Gb)"
638,Vintage Red,"Vivo Y28E 5G (Vintage Red, 64 Gb)"
639,Midnight,"Apple Iphone 13 (Midnight, 512 Gb)"
640,Matcha Green,"Xiaomi 14 Civi (Matcha Green, 256 Gb)"
641,Aqua Green,"Oppo A78 (Aqua Green, 128 Gb)"
642,Silver,"Samsung Galaxy A23 5G (Silver, 128 Gb)"
643,Blue,Jio Bharat B2
644,Titanium Gray,"Samsung Galaxy S24 Ultra 5G (Titanium Gray, 512 Gb)"
645,Blue,"Apple Iphone 15 Plus (Blue, 256 Gb)"
646,Aqua Surge,"Oneplus Nord Ce3 5G (Aqua Surge, 128 Gb)"
647,Skyline Blue,"Poco X6 5G (Skyline Blue, 256 Gb)"
648,Smoky Teal,"Samsung Galaxy M14 5G (Smoky Teal, 128 Gb)"
649,,Lava A7 Torch Dual Sim Keypad Phone| 2574 Mah Battery| Expandable Upto 32 Gb (Blue)
650,Radiant Pearl,"Lava Blaze Pro 5G With Dual Sim|50Mp Rear Camera|5000 Mah Battery|Expandable Upto 1Tb (Radiant Pearl, 128 Gb)"
651,Grey Shimmer,"Oneplus Nord Ce3 5G (Grey Shimmer, 128 Gb)"
652,Daybreak Blue,"Samsung Galaxy M35 5G (Daybreak Blue, 256 Gb)"
653,Breezy Mint,"Nokia C32 (Breezy Mint, 128 Gb)"
654,Beach Pink,"Nokia C32 (Beach Pink, 128 Gb)"
655,Black Gold,Lava A1 Vibe
656,Titanium Violet,"Samsung Galaxy S24 Ultra 5G (Titanium Violet, 256 Gb)"
657,Graphite,"Samsung Galaxy S21 Fe 5G (Graphite, 128 Gb)"
658,Blue,"Nokia 150 Dual Sim Keypad Phone, Rear Camera, Long Lasting Battery Life And Fm Radio"
659,Titanium Black,"Samsung Galaxy S24 Ultra 5G (Titanium Black, 256 Gb)"
660,Midnight Black,"Redmi Note 13 Pro 5G (Midnight Black, 128 Gb)"
661,Twilight Purple,"Realme 12 5G (Twilight Purple, 128 Gb)"
662,Satin Blue,"Motorola G04 (Satin Blue, 64 Gb)"
663,Awesome Navy,"Samsung Galaxy A55 5G (Awesome Navy, 256 Gb)"
664,Magic Skin Green,"Tecno Spark Go 2024 (Magic Skin Green, 128 Gb)"
665,Cobalt Violet,"Samsung Galaxy S24 5G (Cobalt Violet, 128 Gb)"
666,Awesome Navy,"Samsung Galaxy A55 5G (Awesome Navy, 256 Gb)"
667,Shadow Black,"Xiaomi 14 Civi (Shadow Black, 512 Gb)"
668,Lake Blue,"Redmi A3 (Lake Blue, 128 Gb)"
669,Arctic White,"Redmi Note 13 Pro 5G (Arctic White, 128 Gb)"
670,Supernova Green,"Poco X5 5G (Supernova Green, 128 Gb)"
671,Midnight Navy,"Oppo F27 Pro+ (Midnight Navy, 256 Gb)"
672,Dusk Pink,"Oppo F27 Pro+ (Dusk Pink, 256 Gb)"
673,Concord Black,"Motorola G04 (Concord Black, 64 Gb)"
674,Blue,"Nothing Phone (2A) 5G (Blue, 256 Gb)"
675,Miracle Purple,"Realme Gt 6T 5G (Miracle Purple, 256 Gb)"
676,Feather Gold,"Realme Narzo N53 (Feather Gold, 64 Gb)"
677,Fiery Red,"Iqoo Neo9 Pro (Fiery Red, 256 Gb)"
678,Sunset Gold,"Vivo Y02 (Sunset Gold, 32 Gb)"
679,Dusk Pink,"Oppo F27 Pro+ (Dusk Pink, 128 Gb)"
680,Midnight Navy,"Oppo F27 Pro+ (Midnight Navy, 128 Gb)"
681,Fusion White,"Redmi Note 13 Pro+ 5G (Fusion White, 256 Gb)"
682,Blue,"Nothing Phone (2A) 5G (Blue, 128 Gb)"
683,Orange,"Samsung Galaxy A23 5G (Orange, 128 Gb)"
684,Meteorite Grey,"Tecno Pova 6 Pro (Meteorite Grey, 256 Gb)"
685,Galactic Silver,"Oneplus 11R 5G (Galactic Silver, 256 Gb)"
686,Arctic White,"Redmi Note 13 Pro 5G (Arctic White, 256 Gb)"
687,Brushed Green,"Iqoo Z9 (Brushed Green, 128 Gb)"
688,Black,"Nokia 2660 Flip 4G Volte Black Keypad Mobile With Dual Sim & Screen, Mp3 Player"
689,Mint Green,"Itel P 55 5G (Mint Green, 128 Gb)"
690,Soothing Sea,"Motorola Edge 40 Neo (Soothing Sea, 128 Gb)"
691,Sunset Peach,"Oppo Reno 12 5G (Sunset Peach, 256 Gb)"
692,Mineral Gray,"Motorola G32 (Mineral Gray, 128 Gb)"
693,Black,"Apple Iphone 15 Plus (Black, 256 Gb)"
694,Mocha Brown,"Iqoo Z9 Lite 5G (Mocha Brown, 128 Gb)"
695,Ice Blue,"Realme Narzo 70X 5G (Ice Blue, 128 Gb)"
696,Black,Blackzone Eco X
697,Hazel,"Google Pixel 8 (Hazel, 256 Gb)"
698,Vintage Green,"Infinix Note 40 Pro+ 5G (Vintage Green, 256 Gb)"
699,Light Blue,"Samsung Galaxy A15 5G (Light Blue, 128 Gb)"
700,Fluid Silver,"Realme Gt 6T 5G (Fluid Silver, 512 Gb)"
701,Lagoon Blue,"Iqoo Iqooz7Pro (Lagoon Blue, 128 Gb)"
702,Red,Micromax S117
703,Coral Purple,"Redmi Note 13 Pro 5G (Coral Purple, 128 Gb)"
704,Blue Black,"Samsung Galaxy A15 5G (Blue Black, 256 Gb)"
705,Red,"Oneplus 11R 5G (Red, Solar Red, 128 Gb)"
706,Teal Blue,Motorola A10V Ds Keypad Phone With Voice Feature|800 Mah Battery|Wireless Fm Recording
707,Starlish Black,"Itel A70 (Starlish Black, 256 Gb)"
708,Razor Green,"Realme Gt 6T 5G (Razor Green, 256 Gb)"
709,Aqua Flow,"Iqoo Z9 Lite 5G (?Aqua Flow, 128 Gb)"
710,Glowing Black,"Oppo A18 (Glowing Black, 64 Gb)"
711,Charcoal,"Nokia C32 (Charcoal, 128 Gb)"
712,Diamond Dust Black,"Poco C61 (Diamond Dust Black, 128 Gb)"
713,Woodland Green,"Realme 12 5G (Woodland Green, 128 Gb)"
714,Prism Silver,"Samsung Galaxy M34 5G Without Charger (Prism Silver, 128 Gb)"
715,Midnight Black,"Honor X9B (Midnight Black, 256 Gb)"
716,Olive Green,Karbonn K531 Dual Sim Keypad Phone|1750 Mah Battery|0.3Mp Camera|Expandable Upto 32 Gb
717,Galactic Black,"Poco M6 5G (Galactic Black, 64 Gb)"
718,Coffee,Kechaoda K28
719,Woodland Green,"Realme 12 5G (Woodland Green, 128 Gb)"
720,Midnight Black,"Redmi A3 (Midnight Black, 128 Gb)"
721,Frosted Blue,"Motorola G62 5G (Frosted Blue, 128 Gb)"
722,Hazel,"Google Pixel 9 Pro Xl (Hazel, 256 Gb)"
723,Jade Wave,"Oneplus N20 Se (Jade Wave, 128 Gb)"
724,Saffron Delight,"Vivo Y200E 5G (Saffron Delight, 128 Gb)"
725,Blue,Micromax S117
726,Glowing Black,"Oppo A38 (Glowing Black, 128 Gb)"
727,Arctic White,"Redmi Note 13 Pro 5G (Arctic White, 256 Gb)"
728,Silk Gold,"Oppo A59 5G (Silk Gold, 128 Gb)"
729,Lake Blue,"Redmi A3 (Lake Blue, 64 Gb)"
730,Mint Green,"Redmi 12C (Mint Green, 64 Gb)"
731,Black,"Xiaomi 14 (Black, 512 Gb)"
732,Stardust Black,"Redmi 13C (Stardust Black, 128 Gb)"
733,Shadow Black,"Xiaomi 14 Civi (Shadow Black, 256 Gb)"
734,Stone Grey,"Samsung Galaxy M15 5G (Stone Grey, 128 Gb)"
735,Starlight White,"Oppo A3X 5G (Starlight White, 128 Gb)"
736,Coral Purple,"Oppo F25 Pro 5G (Coral Purple, 128 Gb)"
737,Rome Green,"Infinix Zero 30 5G (Rome Green, 256 Gb)"
738,Light Blue,"Samsung Galaxy A15 5G (Light Blue, 128 Gb)"
739,Black,Motorola A10V Ds Keypad Phone With Voice Feature|800 Mah Battery|Wireless Fm Recording
740,Soft Silver,"Motorola G60 (Soft Silver, 128 Gb)"
741,Garden Green,"Vivo Y27 (Garden Green, 128 Gb)"
742,Green,"Apple Iphone 15 Plus (Green, 256 Gb)"
743,Graphite,"Samsung Galaxy S21 Fe 5G With Snapdragon 888 (Graphite, 128 Gb)"
744,Awesome Graphite,"Samsung Galaxy A34 5G (Awesome Graphite, 128 Gb)"
745,Gold,Motorola A50V Dual Sim Keypad Phone|1750 Mah Battery|1.8Inch Display|Expandable Upto 32Gb
746,Starry Night,"Lava Blaze Pro 5G With Dual Sim|50Mp Rear Camera|5000 Mah Battery|Expandable Upto 1Tb (Starry Night, 128 Gb)"
747,Power Black,"Poco M6 Pro 5G (Power Black, 128 Gb)"
748,Saffron Delight,"Vivo Y200E 5G (Saffron Delight, 128 Gb)"
749,Caneel Bay,"Motorola Edge 40 Neo (Caneel Bay, 128 Gb)"
750,Fantasy Purple,"Infinix Zero 30 5G (Fantasy Purple, 256 Gb)"
751,Golden Hour,"Infinix Zero 30 5G (Golden Hour, 256 Gb)"
752,Pink Clay,"Motorola E40 (Pink Clay, 64 Gb)"
753,Black Champagne,Karbonn K9 Yuva Keypad Mobile| 2500 Mah Battery|2Mp Camera|Expandable Memory Up To 32Gb
754,Cream,"Samsung Galaxy S23 Ultra 5G (Cream, 256 Gb)"
755,Glowing Gold,"Oppo A38 (Glowing Gold, 128 Gb)"
756,White Champagne,Karbonn K9 Yuva Keypad Mobile| 2500 Mah Battery|2Mp Camera|Expandable Memory Up To 32Gb
757,Dark Blue,"Nokia 3310 Dual Sim Keypad Mobile With Mp3 Player, Fm Radio & Rear Camera"
758,Classic Black,"Vivo V30 Pro 5G (Classic Black, 512 Gb)"
759,Andaman Blue,"Vivo V30 Pro 5G (Andaman Blue, 512 Gb)"
760,Navy,"Samsung Galaxy S21 Fe 5G With Snapdragon 888 (Navy, 256 Gb)"
761,Fusion White,"Redmi Note 13 Pro+ 5G (Fusion White, 256 Gb)"
762,Field Green,"Itel A70 (Field Green, 256 Gb)"
763,Rose Gold,Kechaoda A27
764,Berry Blue,"Samsung Galaxy M14 5G (Berry Blue, 128 Gb)"
765,Classic Black,"Vivo V30 Pro 5G (Classic Black, 256 Gb)"
766,Maroon,I Kall K29-Pro 4G Phone
767,Thunder Grey,"Samsung Galaxy M35 5G (Thunder Grey, 256 Gb)"
768,Fusion Purple,"Redmi Note 13 Pro+ 5G (Fusion Purple, 256 Gb)"
769,Blue Silver,Lava A1 Copper Keypad Phone|1000 Mah Battery|1.77Inch Display|32Gb Expandable Memory
770,Magic Black,"Infinix Note 30 5G (Magic Black, 256 Gb)"
771,Gold,Lava A1 Vibe Ds Keypad Phone|1000 Mah Battery|0.3Mp Rear Camera|Expandable Upto 32 Gb
772,Feather Black,"Realme Narzo N53 (Feather Black, 128 Gb)"
773,White,"Xiaomi 14 (White, 512 Gb)"
774,Classic Black,"Redmi A2+ (Classic Black, 64 Gb)"
775,Yellow,"Apple Iphone 11 (Yellow, 64 Gb)"
776,Aurora Green,"Motorola E13 (Aurora Green, 64 Gb)"
777,Black Beauty,"Motorola Edge 40 Neo (Black Beauty, 256 Gb)"
778,Blue Oasis,"Oneplus N20 Se (Blue Oasis, 64 Gb)"
779,Sea Green,"Redmi A2 (Sea Green, 32 Gb)"
780,Obsidian Midnight,"Oneplus Nord 4 5G (Obsidian Midnight, 256 Gb)"
781,Lotus Purple,"Vivo V40 5G (Lotus Purple, 512 Gb)"
782,Deep Blue,Itel Power 120 | 2 Inch Big Display | 2500 Mah Battery | Kingvoice
783,Stardust Black,"Redmi 13C (Stardust Black, 128 Gb)"
784,Feather Gold,"Realme Narzo N53 (Feather Gold, 128 Gb)"
785,Nebula Green,"Motorola Edge 40 (Nebula Green, 256 Gb)"
786,Midnight Black,"Redmi Note 13 Pro 5G (Midnight Black, 256 Gb)"
787,Icy Silver,"Samsung Galaxy M14 5G (Icy Silver, 128 Gb)"
788,Glass Black,"Lava Blaze 2 5G With Dual Sim|50Mp Rear Camera|5000 Mah Battery|Expandable Upto 1 Tb (Glass Black, 64 Gb)"
789,Vintage Red,"Vivo Y28S 5G (Vintage Red, 128 Gb)"
790,Black,Nokia 235 4G Ds
791,Sunrise Orange,"Motorola G04 (Sunrise Orange, 64 Gb)"
792,Titanium Grey,"Vivo V40 5G (Titanium Grey, 128 Gb)"
793,Lotus Purple,"Vivo V40 5G (Lotus Purple, 128 Gb)"
794,Royal Blue,"Poco C50 (Royal Blue, 32 Gb)"
795,Space Brown,"Oppo Reno 12 Pro 5G (Space Brown, 256 Gb)"
796,Jade Green,"Xiaomi 14 (Jade Green, 512 Gb)"
797,Skyline Blue,"Poco X6 5G (Skyline Blue, 256 Gb)"
798,Royal Blue,"Redmi 12C (Royal Blue, 64 Gb)"
799,Satin Maroon,"Motorola G32 (Satin Maroon, 128 Gb)"
800,Andaman Blue,"Vivo V30 Pro 5G (Andaman Blue, 256 Gb)"
801,Eclipse Black,"Lava Yuva 3 With Dual Sim|5000 Mah Battery|13Mp Rear Camera |Expandable Upto 512 Gb (Eclipse Black, 128 Gb)"
802,Forest Grey,"Motorola Edge 50 Ultra 5G (Forest Grey, 512 Gb)"
803,Cruise Blue,"Xiaomi 14 Civi (Cruise Blue, 256 Gb)"
804,Aloe,"Google Pixel 8A (Aloe, 128 Gb)"
805,Moonstone Silver,"Redmi 12 (Moonstone Silver, 128 Gb)"
806,Twilight Purple,"Realme 12 5G (Twilight Purple, 128 Gb)"
807,Coral Purple,"Redmi Note 13 Pro 5G (Coral Purple, 256 Gb)"
808,Blue Black,"Samsung Galaxy A15 5G (Blue Black, 128 Gb)"
809,Forest Green,"Realme Narzo 70X 5G (Forest Green, 128 Gb)"
810,Obsidian Black,"Infinix Note 40 Pro 5G (Obsidian Black, 256 Gb)"
811,Blue,Micromax S213
812,Smoky Teal,"Samsung Galaxy M14 5G (Smoky Teal, 128 Gb)"
813,Deep Blue,"Itel U30 Keypad Mobile|1200 Mah Battery|Expandable Storage Upto 32Gb (Deep Blue, 32 Mb)"
814,Fusion Purple,"Redmi Note 13 Pro+ 5G (Fusion Purple, 512 Gb)"
815,Starfrost White,"Redmi 13C (Starfrost White, 128 Gb)"
816,Starfrost White,"Redmi 13C (Starfrost White, 128 Gb)"
817,Black,"Tecno Phantom V Fold 5G (Black, 256 Gb)"
818,Moonlight Purple,"Oppo A3 Pro 5G (Moonlight Purple, 128 Gb)"
819,Jade Black,"Redmi 12 5G (Jade Black, 128 Gb)"
820,Art Edition,"Tecno Camon 20 (Art Edition, 256 Gb)"
821,Magic Black,"Infinix Note 30 5G (Magic Black, 128 Gb)"
822,Light Green,Itel U30 Keypad Mobile|1200 Mah Battery|Expandable Storage Upto 32Gb
823,Rose Pink,Kechaoda K66 The Music House 4
824,Midnight Blue,"Samsung Galaxy M13 5G (Midnight Blue, 128 Gb)"
825,Silver Shadow,"Samsung Galaxy Z Flip6 5G (Silver Shadow, 256 Gb)"
826,Gold,Kechaoda K115
827,Aqua Blue,"Redmi A2 (Aqua Blue, 64 Gb)"
828,Fantasy Purple,"Infinix Zero 30 5G (Fantasy Purple, 256 Gb)"
829,Icy Silver,"Samsung Galaxy M14 5G (Icy Silver, 128 Gb)"
830,Glimmer Black,"Vivo T2X 5G (Glimmer Black, 128 Gb)"
831,Marine Blue,"Vivo T2X 5G (Marine Blue, 128 Gb)"
832,Aurora Gold,"Vivo T2X 5G (Aurora Gold, 128 Gb)"
833,Black,Itel Magic X Pro 4G| 2500Mah Big Battery| Expandable Storage Upto 64Gb
834,Fusion Black,"Redmi Note 13 Pro+ 5G (Fusion Black, 256 Gb)"
835,Lunar Black,"Redmi Note 12 (Lunar Black, 64 Gb)"
836,Onyx Black,"Samsung Galaxy S24+ 5G (Onyx Black, 256 Gb)"
837,Aqua Grey,Lava A3 Power
838,Sleek Black,"Oppo Find N3 Flip (Sleek Black, 256 Gb)"
839,Thunder Grey,"Samsung Galaxy M35 5G (Thunder Grey, 128 Gb)"
840,Awesome Violet,"Samsung Galaxy A34 5G (Awesome Violet, 128 Gb)"
841,Black Orange,Gfive G9000
842,Black,"Vivo V29 Pro 5G (Black, 256 Gb)"
843,Conqueror Black,"Iqoo Neo9 Pro (Conqueror Black, 256 Gb)"
844,Aurora Gold,"Vivo T2X 5G (Aurora Gold, 128 Gb)"
845,Moonlight Blue,"Samsung Galaxy M35 5G (Moonlight Blue, 256 Gb)"
846,Midnight,"Apple Iphone 14 Plus (Midnight, 256 Gb)"
847,Playful Green,"Redmi 11 Prime (Playful Green, 64 Gb)"
848,Glass Lavender,"Lava Blaze 2 5G With Dual Sim|50Mp Rear Camera|5000 Mah Battery|Expandable Upto 1 Tb (Glass Lavender, 128 Gb)"
849,Lime Green,Good One Magic
850,Grey,Karbonn Kx29 Ds Keypad Mobile|3000 Mah Battery|0.3Mp Rear Camera|Expandable Upto 32 Gb
851,Aurora Gold,"Vivo T2X 5G (Aurora Gold, 128 Gb)"
852,Light Blue,"Samsung Galaxy A23 5G (Light Blue, 128 Gb)"
853,Awesome Iceblue,"Samsung Galaxy A55 5G (Awesome Iceblue, 128 Gb)"
854,Arctic Blue,"Motorola E32 (Arctic Blue, 64 Gb)"
855,Fusion Black,"Redmi Note 13 Pro+ 5G (Fusion Black, 512 Gb)"
856,Glowing Blue,"Oppo A18 (Glowing Blue, 64 Gb)"
857,Blue,Lava A3 Power
858,Dark Blue,Motorola A10
859,Wintergreen,"Google Pixel 9 (Wintergreen, 256 Gb)"
860,Ocean Blue,"Oppo F25 Pro 5G (Ocean Blue, 128 Gb)"
861,Deep Blue,Itel Ace2 Power
862,Copper,"Samsung Galaxy A04 (Copper, 128 Gb)"
863,Silver,"Samsung Galaxy A23 5G (Silver, 128 Gb)"
864,Desert Gold,"Vivo Y200 5G (Desert Gold, 128 Gb)"
865,Black Gladiator,"Vivo T2X 5G (Black Gladiator, 128 Gb)"
866,Cosmic Lavender,"Lava Yuva 3 With Dual Sim|5000 Mah Battery|13Mp Rear Camera |Expandable Upto 512 Gb (Cosmic Lavender, 64 Gb)"
867,Snowstorm White,"Poco X6 5G (Snowstorm White, 256 Gb)"
868,Green,"Micromax In Note 1 (Green, 128 Gb)"
869,Matcha Green,"Xiaomi 14 Civi (Matcha Green, 512 Gb)"
870,Pastel Blue,"Redmi 12 5G (Pastel Blue, 256 Gb)"
871,Forest Green,"Poco M6 Pro 5G (Forest Green, 128 Gb)"
872,Mirror Black,"Poco X6 5G (Mirror Black, 256 Gb)"
873,Interstellar Blue,Itel Power 120 | 2 Inch Big Display | 2500 Mah Battery | Kingvoice
874,Silk Green,"Vivo Y200 Pro 5G (Silk Green, 128 Gb)"
875,Starry Black,"Oppo A3 Pro 5G (Starry Black, 128 Gb)"
876,Pastel Blue,"Redmi 12 (Pastel Blue, 128 Gb)"
877,Silver Shadow,"Samsung Galaxy Z Fold6 5G (Silver Shadow, 256 Gb)"
878,Graphite Matte,"Iqoo Z7 Pro 5G (Graphite Matte, 128 Gb)"
879,Serenity Blue,"Tecno Camon 20 (Serenity Blue, 256 Gb)"
880,Uyuni Blue,"Tecno Spark Go 2023 (Uyuni Blue, 64 Gb)"
881,Glimmer Black,"Vivo T2X 5G (Glimmer Black, 128 Gb)"
882,Sunstone Orange,"Vivo T2X 5G (Sunstone Orange, 128 Gb)"
883,Sunstone Orange,"Vivo T2X 5G (Sunstone Orange, 128 Gb)"
884,Coral Purple,"Oppo F25 Pro 5G (Coral Purple, 256 Gb)"
885,Blue,"Itel It5027 6.1Cm Screen,1200Mah Battery Wireless Fm Radio With Recording,Kingvoice"
886,Blue,"Vivo V29 Pro 5G (Blue, 256 Gb)"
887,Fiery Red,"Iqoo Neo9 Pro (Fiery Red, 256 Gb)"
888,Conqueror Black,"Iqoo Neo9 Pro (Conqueror Black, 256 Gb)"
889,Emerald Green,Nokia 106
890,Midnight Black,"Redmi A3 (Midnight Black, 64 Gb)"
891,Awesome Mint,"Samsung Galaxy A73 5G (Awesome Mint, 256 Gb)"
892,Dawn White,"Itel S24 (Dawn White, 128 Gb)"
893,Midnight Black,"Redmi A3 (Midnight Black, 128 Gb)"
894,Steel Gray,"Motorola G14 (Steel Gray, 128 Gb)"
895,Creamy White,"Motorola E13 (Creamy White, 64 Gb)"
896,Black,Kechaoda A 27
897,Black,"Vivo V29 Pro 5G (Black, 256 Gb)"
898,Black Gladiator,"Vivo T2X 5G (Black Gladiator, 128 Gb)"
899,Onyx Black,"Samsung Galaxy S24+ 5G (Onyx Black, 512 Gb)"
900,Storm Grey,"Iqoo Z9X (Storm Grey, 128 Gb)"
901,Feather Black,"Realme Narzo N53 (Feather Black, 64 Gb)"
902,Aqua Flow,"Iqoo Z9 Lite 5G (Aqua Flow, 128 Gb)"
903,Lavender,"Samsung Galaxy Z Flip5 (Lavender, 512 Gb)"
904,Black,Itel U30 Keypad Mobile|1200 Mah Battery|Expandable Storage Upto 32Gb
905,Artistic Blue,"Vivo V29E 5G (Artistic Blue, 128 Gb)"
906,Meteor Blue,"Samsung Galaxy F54 5G (Meteor Blue, 256 Gb)"
907,Starlight,"Apple Iphone 14 (Starlight, 512 Gb)"
908,Marine Blue,"Vivo T2X 5G (Marine Blue, 128 Gb)"
909,Voyager Black,"Oneplus Open (Voyager Black, 512 Gb)"
910,Blue Lagoon,"Iqoo Z7 Pro 5G (Blue Lagoon, 256 Gb)"
911,Aurora Blue,"Infinix Hot 30 5G (Aurora Blue, 128 Gb)"
912,Black,Itel Ace2 Power
913,Silk Gold,"Oppo A59 5G (Silk Gold, 128 Gb)"
914,Sapphire Black,"Itel A23S (Sapphire Black, 32 Gb)"
915,Starry Black,"Oppo A59 5G (Starry Black, 128 Gb)"
916,Blue Lagoon,"Iqoo Z7 Pro 5G (Blue Lagoon, 128 Gb)"
917,Black,Nokia 220 Ds 4G
918,Jungle Green,"Vivo Y200 5G (Jungle Green, 128 Gb)"
919,Yellow,"Apple Iphone 15 (Yellow, 512 Gb)"
920,Meadow Green,"Itel A05S (Meadow Green, 64 Gb)"
921,Purple,"Apple Iphone 14 (Purple, 256 Gb)"
922,Light Blue,"Samsung Galaxy A23 5G (Light Blue, 128 Gb)"
923,Meteorite Grey,"Tecno Pova 6 Pro 5G (Meteorite Grey, 256 Gb)"
924,Black Titanium,"Apple Iphone 15 Pro (Black Titanium, 128 Gb)"
925,Moonlight Pearl,"Motorola Edge 50 Pro 5G With 68W Charger (Moonlight Pearl, 256 Gb)"
926,Black Titanium,"Apple Iphone 15 Pro (Black Titanium, 512 Gb)"
927,Midnight Blue,"Samsung Galaxy M34 5G Without Charger (Midnight Blue, 128 Gb)"
928,Pink,"Apple Iphone 13 (Pink, 512 Gb)"
929,Artistic Red,"Vivo V29E 5G (Artistic Red, 256 Gb)"
930,Forest Green,"Vivo Y17S (Forest Green, 128 Gb)"
931,Awesome Lime,"Samsung Galaxy A54 5G (Awesome Lime, 256 Gb)"
932,Titan Black,"Oneplus 11 5G (Titan Black, 256 Gb)"
933,Rainy Night,"Realme C55 (Rainy Night, 128 Gb)"
934,Pastel Blue,"Redmi 12 5G (Pastel Blue, 128 Gb)"
935,Ocean Blue,"Oppo F25 Pro 5G (Ocean Blue, 256 Gb)"
